RTB000,P4P6,number,1,2,3,4,5,6,7,8,9,10,11,12,13,14,15,16,17,18,19,20,21,22,23,24,25,26,27,28,29,30,31,32,33,34,35,36,37,38,39,40,41,42,43,44,45,46,47,48,49,50,51,52,53,54,55,56,57,58,59,60,61,62,63,64,65,66,67,68,69,70,71,72,73,74,75,76,77,78,79,80,81,82,83,84,85,86,87,88,89,90,91,92,93,94,95,96,97,98,99,100,101,102,103,104,105,106,107,108,109,110,111,112,113,114,115,116,117,118,119,120,121,122,123,124,125,126,127,128,129,130,131,132,133,134,135,136,137,138,139,140,141,142,143,144,145,146,147,148,149,150,151,152,153,154,155,156,157,158,159,160,161,162,163,164,165,166,167,168,169,170,171,172,173,174,175,176,177,178,179,180,181,182,183,184,185,186,187,188,189,190,191,192,193,194,195,196,197,198,199,200,201,202,
RTB000,P4P6,sequence,G,G,C,C,A,A,A,A,C,A,A,C,G,G,A,A,T,T,G,C,G,G,G,A,A,A,G,G,G,G,T,C,A,A,C,A,G,C,C,G,T,T,C,A,G,T,A,C,C,A,A,G,T,C,T,C,A,G,G,G,G,A,A,A,C,T,T,T,G,A,G,A,T,G,G,C,C,T,T,G,C,A,A,A,G,G,G,T,A,T,G,G,T,A,A,T,A,A,G,C,T,G,A,C,G,G,A,C,A,T,G,G,T,C,C,T,A,A,C,C,A,C,G,C,A,G,C,C,A,A,G,T,C,C,T,A,A,G,T,C,A,A,C,A,G,A,T,C,T,T,C,T,G,T,T,G,A,T,A,T,G,G,A,T,G,C,A,G,T,T,C,A,A,A,A,C,C,A,A,A,C,C,A,A,A,G,A,A,A,C,A,A,C,A,A,C,A,A,C,A,A,C,
RTB000,P4P6,del A,0,0,0,0,0,0,0,0,0,0,0,0,0,0,8,4,0,0,0,0,0,0,0,18,2,4,0,0,0,0,0,0,3,4,0,93,0,0,0,0,0,0,0,221,0,0,177,0,0,34,55,0,0,0,0,0,327,0,0,0,0,13,4,6,0,0,0,0,0,150,0,92,0,0,0,0,0,0,0,0,0,15,5,14,0,0,0,0,130,0,0,0,0,19,19,0,3,58,0,0,0,0,75,0,0,0,128,0,202,0,0,0,0,0,0,0,70,32,0,0,205,0,0,0,183,0,0,0,14,18,0,0,0,0,0,18,16,0,0,0,10,15,0,271,0,167,0,0,0,0,0,0,0,0,0,0,111,0,99,0,0,0,94,0,0,0,77,0,0,0,0,7,3,3,0,0,0,6,3,8,0,0,3,2,0,0,15,0,0,0,0,10,0,0,12,0,0,9,0,0,0,0,
RTB000,P4P6,del T,0,0,0,0,0,0,0,0,0,0,0,0,0,0,0,0,13,4,0,0,0,0,0,0,0,0,0,0,0,0,93,0,0,0,0,0,0,0,0,0,52,28,0,0,0,217,0,0,0,0,0,0,312,0,375,0,0,0,0,0,0,0,0,0,0,11,12,8,0,0,0,0,97,0,0,0,0,24,176,0,0,0,0,0,0,0,0,195,0,119,0,0,132,0,0,224,0,0,0,0,166,0,0,0,0,0,0,0,0,229,0,0,206,0,0,255,0,0,0,0,0,0,0,0,0,0,0,0,0,0,0,114,0,0,213,0,0,0,80,0,0,0,0,0,0,0,276,0,13,68,0,75,0,0,35,0,0,135,0,132,0,0,0,61,0,0,0,0,2,18,0,0,0,0,0,0,0,0,0,0,0,0,0,0,0,0,0,0,0,0,0,0,0,0,0,0,0,0,0,0,0,0,
RTB000,P4P6,del G,0,0,0,0,0,0,0,0,0,0,0,0,0,3,0,0,0,0,103,0,1,0,1,0,0,0,19,5,0,0,0,0,0,0,0,0,113,0,0,199,0,0,0,0,301,0,0,0,0,0,0,321,0,0,0,0,0,68,10,1,4,0,0,0,0,0,0,0,173,0,79,0,0,9,11,0,0,0,0,167,0,0,0,0,62,35,19,0,0,0,57,7,0,0,0,0,0,0,190,0,0,87,0,0,13,27,0,0,0,0,39,28,0,0,0,0,0,0,0,0,0,0,518,0,0,300,0,0,0,0,192,0,0,0,0,0,0,87,0,0,0,0,0,0,135,0,0,0,0,0,0,0,202,0,0,69,0,0,0,0,12,10,0,0,40,0,0,38,0,0,0,0,0,0,0,0,0,0,0,0,0,0,0,0,0,79,0,0,0,0,0,0,0,0,0,0,0,0,0,0,0,0,
RTB000,P4P6,del C,0,0,0,0,0,0,0,0,13,0,0,12,0,0,0,0,0,0,0,109,0,0,0,0,0,0,0,0,0,0,0,42,0,0,44,0,0,12,9,0,0,0,177,0,0,0,0,36,20,0,0,0,0,299,0,338,0,0,0,0,0,0,0,0,97,0,0,0,0,0,0,0,0,0,0,17,38,0,0,0,219,0,0,0,0,0,0,0,0,0,0,0,0,0,0,0,0,0,0,140,0,0,0,126,0,0,0,131,0,0,0,0,0,43,24,0,0,0,38,39,0,313,0,242,0,0,18,16,0,0,0,0,20,17,0,0,0,0,0,104,0,0,105,0,0,0,0,170,0,0,120,0,0,0,0,0,0,0,0,0,0,0,0,0,0,41,0,0,0,0,53,0,0,0,0,13,25,0,0,0,20,40,0,0,0,0,0,0,0,133,0,0,121,0,0,116,0,0,86,0,0,0,
RTB000,P4P6,A->T,0,0,0,0,54,37,18,44,0,18,18,0,0,0,30,84,0,0,0,0,0,0,0,24,26,25,0,0,0,0,0,0,28,43,0,28,0,0,0,0,0,0,0,38,0,0,81,0,0,39,25,0,0,0,0,0,34,0,0,0,0,22,8,21,0,0,0,0,0,61,0,48,0,0,0,0,0,0,0,0,0,29,20,21,0,0,0,0,42,0,0,0,0,19,45,0,18,422,0,0,0,0,46,0,0,0,38,0,76,0,0,0,0,0,0,0,14,97,0,0,60,0,0,0,27,0,0,0,29,24,0,0,0,0,0,14,15,0,0,0,39,45,0,33,0,44,0,0,0,0,0,0,0,0,0,0,36,0,33,0,0,0,78,0,0,0,20,0,0,0,0,25,4,23,47,0,0,35,22,36,0,0,15,8,20,0,20,7,17,0,16,22,0,19,22,0,25,25,0,2,0,0,
RTB000,P4P6,A->G,0,0,0,0,23,12,23,14,0,16,21,0,0,0,47,40,0,0,0,0,0,0,0,44,46,36,0,0,0,0,0,0,52,28,0,47,0,0,0,0,0,0,0,93,0,0,57,0,0,78,75,0,0,0,0,0,52,0,0,0,0,53,51,38,0,0,0,0,0,118,0,48,0,0,0,0,0,0,0,0,0,34,45,62,0,0,0,0,51,0,0,0,0,64,66,0,76,288,0,0,0,0,44,0,0,0,143,0,61,0,0,0,0,0,0,0,51,74,0,0,81,0,0,0,101,0,0,0,80,56,0,0,0,0,0,54,79,0,0,0,54,58,0,76,0,51,0,0,0,0,0,0,0,0,0,0,72,0,55,0,0,0,75,0,0,0,105,0,0,0,0,52,46,48,64,0,0,59,54,97,0,0,48,28,36,0,51,44,40,0,25,30,0,49,35,0,40,51,0,19,0,0,
RTB000,P4P6,A->C,0,0,0,0,13,5,9,20,0,8,5,0,0,0,12,12,0,0,0,0,0,0,0,10,8,9,0,0,0,0,0,0,9,5,0,25,0,0,0,0,0,0,0,40,0,0,18,0,0,24,11,0,0,0,0,0,31,0,0,0,0,5,10,28,0,0,0,0,0,24,0,10,0,0,0,0,0,0,0,0,0,37,8,24,0,0,0,0,20,0,0,0,0,26,19,0,169,48,0,0,0,0,24,0,0,0,6,0,36,0,0,0,0,0,0,0,21,28,0,0,51,0,0,0,26,0,0,0,22,13,0,0,0,0,0,16,23,0,0,0,26,17,0,44,0,24,0,0,0,0,0,0,0,0,0,0,13,0,10,0,0,0,12,0,0,0,36,0,0,0,0,77,16,6,27,0,0,90,12,40,0,0,18,1,6,0,24,3,10,0,6,3,0,5,3,0,14,8,0,12,0,0,
RTB000,P4P6,T->A,0,0,0,0,0,0,0,0,0,0,0,0,0,0,0,0,14,13,0,0,0,0,0,0,0,0,0,0,0,0,52,0,0,0,0,0,0,0,0,0,13,28,0,0,0,17,0,0,0,0,0,0,32,0,30,0,0,0,0,0,0,0,0,0,0,15,17,14,0,0,0,0,16,0,0,0,0,34,11,0,0,0,0,0,0,0,0,25,0,34,0,0,140,0,0,33,0,0,0,0,25,0,0,0,0,0,0,0,0,26,0,0,49,0,0,25,0,0,0,0,0,0,0,0,0,0,0,0,0,0,0,37,0,0,61,0,0,0,41,0,0,0,0,0,0,0,33,0,122,13,0,27,0,36,24,0,0,45,0,45,0,0,0,51,0,0,0,0,36,31,0,0,0,0,0,0,0,0,0,0,0,0,0,0,0,0,0,0,0,0,0,0,0,0,0,0,0,0,0,0,0,0,
RTB000,P4P6,T->G,0,0,0,0,0,0,0,0,0,0,0,0,0,0,0,0,48,48,0,0,0,0,0,0,0,0,0,0,0,0,48,0,0,0,0,0,0,0,0,0,28,48,0,0,0,38,0,0,0,0,0,0,79,0,56,0,0,0,0,0,0,0,0,0,0,20,36,45,0,0,0,0,44,0,0,0,0,59,65,0,0,0,0,0,0,0,0,21,0,66,0,0,18,0,0,17,0,0,0,0,94,0,0,0,0,0,0,0,0,68,0,0,39,0,0,28,0,0,0,0,0,0,0,0,0,0,0,0,0,0,0,83,0,0,28,0,0,0,31,0,0,0,0,0,0,0,23,0,13,25,0,40,0,14,39,0,0,17,0,96,0,0,0,45,0,0,0,0,38,31,0,0,0,0,0,0,0,0,0,0,0,0,0,0,0,0,0,0,0,0,0,0,0,0,0,0,0,0,0,0,0,0,
RTB000,P4P6,T->C,0,0,0,0,0,0,0,0,0,0,0,0,0,0,0,0,192,131,0,0,0,0,0,0,0,0,0,0,0,0,391,0,0,0,0,0,0,0,0,0,290,228,0,0,0,320,0,0,0,0,0,0,2438,0,342,0,0,0,0,0,0,0,0,0,0,1066,118,107,0,0,0,0,66,0,0,0,0,312,162,0,0,0,0,0,0,0,0,98,0,72,0,0,105,0,0,102,0,0,0,0,264,0,0,0,0,0,0,0,0,64,0,0,1419,0,0,102,0,0,0,0,0,0,0,0,0,0,0,0,0,0,0,2915,0,0,96,0,0,0,342,0,0,0,0,0,0,0,962,0,250,1037,0,94,0,207,155,0,0,81,0,124,0,0,0,140,0,0,0,0,386,214,0,0,0,0,0,0,0,0,0,0,0,0,0,0,0,0,0,0,0,0,0,0,0,0,0,0,0,0,0,0,0,0,
RTB000,P4P6,G->A,0,0,0,0,0,0,0,0,0,0,0,0,93,338,0,0,0,0,332,0,179,332,1521,0,0,0,1833,286,384,161,0,0,0,0,0,0,495,0,0,224,0,0,0,0,138,0,0,0,0,0,0,213,0,0,0,0,0,2676,360,299,1814,0,0,0,0,0,0,0,77,0,138,0,0,277,1048,0,0,0,0,1142,0,0,0,0,374,840,172,0,0,0,338,401,0,0,0,0,0,0,648,0,0,246,0,0,330,141,0,0,0,0,271,238,0,0,0,0,0,0,0,0,0,0,1745,0,0,1179,0,0,0,0,134,0,0,0,0,0,0,150,0,0,0,0,0,0,128,0,0,0,0,0,0,0,114,0,0,125,0,0,0,0,148,190,0,0,1782,0,0,136,0,0,0,0,0,0,0,0,0,0,0,0,0,0,0,0,0,299,0,0,0,0,0,0,0,0,0,0,0,0,0,0,0,0,
RTB000,P4P6,G->T,0,0,0,0,0,0,0,0,0,0,0,0,49,46,0,0,0,0,37,0,25,34,12,0,0,0,41,60,56,54,0,0,0,0,0,0,47,0,0,238,0,0,0,0,16,0,0,0,0,0,0,42,0,0,0,0,0,36,50,64,25,0,0,0,0,0,0,0,21,0,20,0,0,28,37,0,0,0,0,94,0,0,0,0,38,45,56,0,0,0,70,41,0,0,0,0,0,0,100,0,0,24,0,0,40,33,0,0,0,0,77,40,0,0,0,0,0,0,0,0,0,0,24,0,0,70,0,0,0,0,50,0,0,0,0,0,0,22,0,0,0,0,0,0,23,0,0,0,0,0,0,0,59,0,0,26,0,0,0,0,40,36,0,0,57,0,0,432,0,0,0,0,0,0,0,0,0,0,0,0,0,0,0,0,0,7,0,0,0,0,0,0,0,0,0,0,0,0,0,0,0,0,
RTB000,P4P6,G->C,0,0,0,0,0,0,0,0,0,0,0,0,16,10,0,0,0,0,16,0,204,31,13,0,0,0,5,5,13,11,0,0,0,0,0,0,49,0,0,11,0,0,0,0,8,0,0,0,0,0,0,54,0,0,0,0,0,8,8,16,11,0,0,0,0,0,0,0,8,0,19,0,0,8,179,0,0,0,0,27,0,0,0,0,6,9,7,0,0,0,7,14,0,0,0,0,0,0,1689,0,0,17,0,0,8,9,0,0,0,0,7,5,0,0,0,0,0,0,0,0,0,0,25,0,0,107,0,0,0,0,9,0,0,0,0,0,0,7,0,0,0,0,0,0,236,0,0,0,0,0,0,0,146,0,0,13,0,0,0,0,15,20,0,0,41,0,0,30,0,0,0,0,0,0,0,0,0,0,0,0,0,0,0,0,0,34,0,0,0,0,0,0,0,0,0,0,0,0,0,0,0,0,
RTB000,P4P6,C->A,0,0,0,20,0,0,0,0,36,0,0,35,0,0,0,0,0,0,0,40,0,0,0,0,0,0,0,0,0,0,0,41,0,0,21,0,0,32,79,0,0,0,23,0,0,0,0,31,44,0,0,0,0,18,0,20,0,0,0,0,0,0,0,0,26,0,0,0,0,0,0,0,0,0,0,42,24,0,0,0,128,0,0,0,0,0,0,0,0,0,0,0,0,0,0,0,0,0,0,74,0,0,0,40,0,0,0,35,0,0,0,0,0,62,34,0,0,0,75,43,0,37,0,83,0,0,51,35,0,0,0,0,34,21,0,0,0,0,0,36,0,0,29,0,0,0,0,57,0,0,75,0,0,0,0,0,0,0,0,0,0,0,0,0,0,103,0,0,0,0,174,0,0,0,0,109,835,0,0,0,159,356,0,0,0,0,0,0,0,69,0,0,50,0,0,22,0,0,26,0,0,0,
RTB000,P4P6,C->T,0,0,0,69,0,0,0,0,66,0,0,28,0,0,0,0,0,0,0,56,0,0,0,0,0,0,0,0,0,0,0,62,0,0,70,0,0,76,90,0,0,0,78,0,0,0,0,76,67,0,0,0,0,81,0,53,0,0,0,0,0,0,0,0,296,0,0,0,0,0,0,0,0,0,0,239,3694,0,0,0,72,0,0,0,0,0,0,0,0,0,0,0,0,0,0,0,0,0,0,779,0,0,0,89,0,0,0,86,0,0,0,0,0,1428,492,0,0,0,96,50,0,108,0,84,0,0,78,63,0,0,0,0,196,65,0,0,0,0,0,49,0,0,40,0,0,0,0,306,0,0,54,0,0,0,0,0,0,0,0,0,0,0,0,0,0,129,0,0,0,0,95,0,0,0,0,88,65,0,0,0,109,240,0,0,0,0,0,0,0,214,0,0,229,0,0,277,0,0,279,0,0,0,
RTB000,P4P6,C->G,0,0,0,10,0,0,0,0,0,0,0,8,0,0,0,0,0,0,0,34,0,0,0,0,0,0,0,0,0,0,0,9,0,0,4,0,0,10,13,0,0,0,11,0,0,0,0,8,5,0,0,0,0,13,0,10,0,0,0,0,0,0,0,0,3,0,0,0,0,0,0,0,0,0,0,29,15,0,0,0,41,0,0,0,0,0,0,0,0,0,0,0,0,0,0,0,0,0,0,2,0,0,0,37,0,0,0,6,0,0,0,0,0,36,11,0,0,0,6,6,0,14,0,12,0,0,20,4,0,0,0,0,14,9,0,0,0,0,0,5,0,0,4,0,0,0,0,7,0,0,13,0,0,0,0,0,0,0,0,0,0,0,0,0,0,35,0,0,0,0,34,0,0,0,0,34,26,0,0,0,43,102,0,0,0,0,0,0,0,47,0,0,20,0,0,30,0,0,14,0,0,0,
RTB000,P4P6,mutation rate,0,0,0,0.00057153415400535,0.00051764893578365,0.00030979645089246,0.00028723251307383,0.00044664074084722,0.00066200766013935,0.00024184353242163,0.00025175081100315,0.00047780782915652,0.0009102116455324,0.002289094729349,0.00056124193361029,0.00080686528235674,0.001546508166939,0.0011275383876637,0.0027974434196949,0.0013771327212453,0.0023363418877125,0.002264095004648,0.0088203428313136,0.00054979039123282,0.00046854198444635,0.00042023247806355,0.010801212862134,0.0020321607589722,0.0025898292660713,0.0012894538231194,0.0033471076749265,0.00088686688104644,0.0005286323139444,0.00045594698167406,0.00079577724682167,0.0011106571182609,0.0040389900095761,0.00074499420588836,0.0010909672128037,0.0038428106345236,0.0021821248810738,0.0018965792842209,0.0016484142979607,0.0022303774021566,0.0026322670746595,0.0033671758137643,0.0018855211092159,0.00086051656398922,0.0007746065966785,0.00099835125729442,0.0009459929424338,0.0035889255814254,0.016412626951933,0.0023553818464279,0.004612450953573,0.0024015423841774,0.0025289203040302,0.015826072543859,0.0024305477272719,0.0021628637332469,0.010519447736442,0.00052964594215155,0.00041674516978674,0.00052725273417309,0.0024060527794063,0.0063481191173196,0.0010393121046945,0.00098442460875958,0.001583140459843,0.0020184000022709,0.0014569046907127,0.0011277552694082,0.0012706915149465,0.0018312830943614,0.0072414791211486,0.0018688704585657,0.021421145647764,0.0024380264803767,0.0023460742086172,0.008130774833262,0.0026098699308932,0.00065353536047041,0.00044324225746095,0.00068730476778001,0.0027302978560328,0.0053062671795487,0.0014451196184382,0.0019242558628321,0.0013824177440256,0.001649790792726,0.0026767991948873,0.0026258032303303,0.0022448538802564,0.00072805455420166,0.00084756367141381,0.0021376025397331,0.0015144268982112,0.0046395007520914,0.014995148405433,0.0056880218908191,0.0031367663759738,0.0021295617334545,0.0010736257536337,0.0016634385101497,0.0022198378574103,0.0011915907962248,0.0017765796510503,0.0014645360643044,0.0021266941912472,0.0022005140781403,0.0022327248007059,0.0017618200508878,0.0097385430708528,0.0089188776910305,0.0031798395793885,0.0023244607727975,0.00088456936646253,0.0013053871225566,0.001217350945808,0.00077958172187209,0.0022410133387893,0.0026708312798291,0.01312152761966,0.002384175080806,0.0019092402653769,0.0093968110159039,0.0009458219865337,0.00066691910615191,0.00082068814663216,0.00062861025799066,0.0021835919469595,0.017915049567819,0.0014958269894123,0.00063311529811472,0.0022527622058988,0.00057798880152404,0.00075373752042651,0.0015080476878211,0.0028058616444468,0.001096646185033,0.00073011289350688,0.00076111650560051,0.0010065538808703,0.0024035463575274,0.0029632488731295,0.001625997829251,0.0073500177823007,0.0030555429402739,0.0022497824393213,0.0064674559980631,0.0014829321298748,0.0013322419254109,0.0029440682847053,0.0014534472720698,0.0014284424250945,0.0013169943122193,0.0013132347958162,0.0015742057003081,0.0011130195343867,0.0022472164127976,0.0012173233553767,0.0014463603729382,0.0014664665795863,0.0016829484375194,0.010877755470574,0.0017464673146605,0.0013473273720592,0.0035943982657045,0.0026133439969271,0.0016638369997963,0.0020093694329262,0.00090975873172283,0.000389366352465,0.00045148510253057,0.00077815307304263,0.0013761131558567,0.0053608268499374,0.0010705250315368,0.00051248259842396,0.0010198734235018,0.0018660607747734,0.004155779723078,0.00047253663069569,0.00021940928127151,0.00034896744182333,0.0023598852567375,0.00061900686705485,0.00030381968826987,0.000376908457838,0.0026051630266011,0.00026442969101481,0.0003655792970676,0.0023632149677724,0.00041071226587519,0.00040504278149456,0.0025045166257769,0.00044463705853559,0.00052347179735079,0.0022809447254986,0.00018634802836459,0,0,
RTB000,P4P6,depth,172304,172850,171406,173218,173863,174308,174075,174637,173714,173666,174776,173710,173586,173431,172831,173511,172647,173830,174445,173549,175060,175346,175390,174612,175011,176093,175721,175183,174915,175268,174479,173645,174034,175459,174672,173771,174301,174498,175074,174872,175517,175052,175320,175755,175894,175815,176609,175476,175573,175289,175477,175540,174317,174494,174094,175304,175569,176165,176092,175693,176245,175589,175167,176386,175391,175170,176078,176753,176232,174891,175715,175570,175495,175833,176069,174972,176041,175962,176465,175875,176254,175966,175976,176050,175805,175076,175764,176172,175779,176386,176330,176327,175958,175811,175798,175898,175644,175881,175190,174929,175021,175623,176039,175540,176139,176235,177307,176165,176330,175868,176466,176522,175899,175919,176424,176385,176357,176959,176613,177018,177152,176724,176199,176581,176510,176230,176566,176933,176681,176580,176315,175774,176491,176903,176672,176474,176454,176387,176060,176903,176685,177371,176841,176406,176158,175892,176054,176728,176906,176731,176677,177145,176966,176821,177116,176918,176663,176597,176996,176663,176617,176996,176615,176476,176507,176356,176646,176942,176785,176700,177170,176970,177211,177193,177343,177311,177398,177483,177567,177473,177379,177584,177764,177750,177667,177551,177704,177737,177762,177724,177741,177800,177724,177740,177759,177679,177673,177660,177558,177088,176665,176013,
RTB000,P4P6,total mismatches,71837,
RTB000,P4P6,total deletions,39442,
RTB000,P4P6,unambiguous deletions,15164,
RTB000,P4P6,mutations failing phred cutoff,5117,


